seed,lr,dropout,hidden,test_loss,test_acc
42,0.0001,0.1,128,0.715475,80.3000
42,0.0001,0.1,256,0.699713,81.5000
42,0.0001,0.1,384,0.728674,82.0500
42,0.0001,0.2,128,0.696014,80.0000
42,0.0001,0.2,256,0.747986,79.5000
42,0.0001,0.2,384,0.716053,82.4000
42,0.001,0.1,128,0.913876,80.3000
42,0.001,0.1,256,0.793124,77.3000
